age,membership_type,start_date,end_date,membership_length_months,avg_visits_per_month,payment_delays,payment_history,attendance_record,satisfaction_score,quit
42,VIP,2022-06-14,2025-09-26,40,1,6,Mixed,Regular,8,1
45,Basic,2023-03-07,2023-05-06,2,0,6,Late,Regular,4,1
19,Basic,2021-12-28,2023-08-20,20,9,9,Mixed,Regular,10,1
52,VIP,2022-06-10,2022-07-10,1,20,9,Mixed,Rare,5,1
54,Premium,2022-07-15,2025-07-29,37,4,3,Mixed,Rare,4,1
22,Basic,2022-09-04,2023-06-01,9,1,7,On-time,Regular,1,1
18,Basic,2025-03-15,2026-08-07,17,21,5,Mixed,Rare,8,1
57,Basic,2024-04-04,2024-12-30,9,15,3,Late,Occasional,1,1
29,VIP,2022-02-22,2023-01-18,11,24,3,Late,Regular,5,0
53,Basic,2024-08-18,2025-11-11,15,1,1,Late,Occasional,6,0
62,VIP,2025-04-18,2027-04-08,24,9,1,Late,Occasional,6,0
40,VIP,2021-09-17,2024-10-31,38,1,3,Mixed,Rare,5,1
64,VIP,2022-06-17,2025-05-02,35,15,4,Late,Rare,3,1
48,Basic,2023-02-24,2025-08-12,30,15,7,Late,Regular,5,1
28,VIP,2025-03-06,2027-09-22,31,18,5,Mixed,Occasional,8,0
27,Premium,2021-11-20,2022-04-19,5,28,3,Mixed,Rare,2,1
20,Basic,2023-06-06,2027-01-16,44,6,6,On-time,Occasional,6,1
31,Basic,2024-08-05,2025-09-29,14,21,7,Mixed,Rare,9,1
33,Basic,2023-05-01,2024-03-26,11,11,1,Mixed,Occasional,8,0
27,Basic,2024-06-24,2025-03-21,9,23,6,On-time,Regular,8,1
46,Basic,2022-03-17,2024-12-31,34,14,1,On-time,Rare,8,1
27,VIP,2022-12-02,2023-11-27,12,7,1,Mixed,Regular,7,0
29,VIP,2024-10-11,2027-08-27,35,5,7,On-time,Occasional,8,1
47,Basic,2022-04-17,2025-03-02,35,27,1,Late,Occasional,6,0
58,VIP,2024-04-11,2024-05-11,1,26,8,Mixed,Regular,2,1
18,Basic,2021-11-15,2025-02-27,40,9,0,On-time,Occasional,2,1
22,VIP,2025-06-23,2027-04-14,22,2,8,On-time,Rare,8,1
37,VIP,2024-11-04,2027-03-24,29,18,0,On-time,Rare,1,1
25,VIP,2023-06-28,2024-02-23,8,16,9,On-time,Occasional,6,1
60,VIP,2023-03-11,2024-02-04,11,6,9,Mixed,Occasional,6,1
29,Premium,2024-03-27,2027-08-09,41,20,1,On-time,Occasional,4,0
18,Basic,2022-07-28,2025-08-11,37,19,5,On-time,Occasional,10,0
37,Premium,2024-02-20,2025-04-15,14,25,5,On-time,Rare,3,1
45,VIP,2023-08-15,2026-01-31,30,3,0,Late,Rare,3,1
60,Premium,2022-11-12,2025-09-27,35,13,6,Late,Occasional,1,1
54,Basic,2025-01-06,2026-09-28,21,19,7,Mixed,Regular,3,1
64,Basic,2022-11-30,2025-12-14,37,21,1,Mixed,Regular,4,0
54,VIP,2023-08-28,2024-01-25,5,14,7,Late,Rare,5,1
29,Premium,2022-11-30,2024-06-22,19,23,8,Late,Regular,3,1
54,Premium,2023-12-30,2025-02-22,14,7,5,On-time,Occasional,6,0
61,Premium,2022-01-24,2024-03-14,26,20,4,On-time,Regular,5,0
45,Basic,2023-04-05,2023-08-03,4,14,8,Late,Rare,3,1
64,Basic,2022-05-17,2024-06-05,25,21,8,Mixed,Occasional,6,1
32,Premium,2023-10-07,2027-06-18,45,19,0,Late,Occasional,6,0
23,Basic,2025-06-24,2028-12-05,42,27,2,Mixed,Rare,8,1
61,Basic,2023-03-27,2025-04-15,25,13,8,Late,Regular,2,1
37,Premium,2025-01-29,2026-07-23,18,26,1,On-time,Rare,1,1
31,Basic,2021-12-25,2025-04-08,40,28,3,Mixed,Rare,4,1
19,Premium,2024-06-22,2025-02-17,8,8,3,On-time,Regular,7,0
26,Premium,2023-11-22,2027-02-04,39,7,1,Late,Occasional,10,0
54,VIP,2024-09-02,2027-12-16,40,25,2,Mixed,Regular,3,1
37,Premium,2025-07-01,2026-08-25,14,27,2,Mixed,Regular,3,1
43,Basic,2024-11-15,2027-07-03,32,25,0,Mixed,Occasional,5,0
46,VIP,2023-05-30,2026-07-13,38,16,5,On-time,Occasional,5,0
18,Premium,2021-10-14,2024-06-30,33,1,7,Late,Rare,10,1
52,VIP,2023-12-28,2025-11-17,23,24,2,On-time,Regular,3,1
23,Basic,2023-01-29,2024-04-23,15,23,4,Mixed,Occasional,9,0
54,Premium,2021-10-20,2024-07-06,33,29,0,On-time,Regular,4,0
22,Basic,2025-04-14,2027-05-04,25,2,9,Mixed,Regular,3,1
50,VIP,2021-09-23,2023-02-15,17,7,6,On-time,Occasional,2,1
31,Premium,2022-12-02,2025-08-18,33,11,9,Late,Occasional,10,1
29,VIP,2024-02-22,2028-01-02,47,0,0,On-time,Regular,9,0
59,VIP,2023-05-31,2023-07-30,2,9,8,On-time,Occasional,4,1
37,Premium,2025-06-10,2026-08-04,14,19,7,On-time,Regular,3,1
41,VIP,2024-12-21,2028-04-04,40,2,6,On-time,Occasional,7,1
60,Basic,2022-07-06,2025-10-18,40,5,9,Late,Rare,8,1
51,VIP,2021-09-02,2024-11-15,39,6,6,Mixed,Occasional,2,1
42,Basic,2022-09-23,2023-03-22,6,19,4,Mixed,Regular,7,0
46,Basic,2022-09-27,2023-03-26,6,22,4,Mixed,Occasional,5,0
56,VIP,2021-08-31,2021-11-29,3,24,4,Late,Regular,5,0
48,Basic,2023-12-27,2024-07-24,7,26,0,Late,Occasional,3,1
64,Premium,2022-06-11,2023-02-06,8,17,7,On-time,Regular,5,1
60,Basic,2023-08-12,2027-01-23,42,10,0,Late,Regular,2,1
40,Basic,2024-06-08,2025-09-01,15,18,3,Mixed,Occasional,4,0
61,Basic,2023-07-16,2027-05-26,47,4,8,Late,Regular,6,1
55,Premium,2025-02-03,2027-06-23,29,18,8,Mixed,Rare,1,1
37,Premium,2024-12-25,2027-09-11,33,10,4,Late,Rare,10,1
40,Premium,2022-10-23,2025-04-10,30,23,3,Late,Occasional,4,0
62,VIP,2024-10-18,2028-01-01,39,11,2,Mixed,Regular,6,0
33,Premium,2023-04-21,2025-07-09,27,9,2,Mixed,Regular,9,0
59,Basic,2021-12-28,2024-12-12,36,7,4,Late,Regular,2,1
25,Premium,2024-04-15,2026-09-02,29,23,9,Late,Occasional,7,1
38,Premium,2022-01-16,2025-03-01,38,27,0,On-time,Occasional,6,0
18,Basic,2022-10-02,2025-06-18,33,27,4,Mixed,Rare,2,1
25,VIP,2024-09-22,2027-10-07,37,8,5,On-time,Regular,8,0
46,Premium,2023-07-26,2025-10-13,27,3,6,Late,Rare,7,1
49,VIP,2024-08-11,2027-04-28,33,4,8,Mixed,Occasional,5,1
55,VIP,2023-02-17,2023-06-17,4,20,2,Late,Occasional,5,0
22,VIP,2022-08-03,2024-05-24,22,7,1,Mixed,Rare,7,1
64,Basic,2023-05-15,2023-07-14,2,22,2,Late,Regular,9,0
39,VIP,2024-12-10,2025-10-06,10,8,8,On-time,Regular,9,1
64,VIP,2023-06-12,2023-11-09,5,14,6,On-time,Regular,9,1
51,Basic,2025-01-08,2025-11-04,10,14,8,On-time,Occasional,6,1
18,VIP,2024-06-30,2027-03-17,33,15,1,Mixed,Regular,10,0
43,VIP,2024-03-09,2027-04-23,38,13,4,Mixed,Regular,6,0
60,Basic,2022-08-15,2023-09-09,13,7,3,Mixed,Rare,3,1
27,Basic,2022-04-21,2024-11-06,31,17,1,On-time,Rare,1,1
47,Premium,2025-06-30,2029-05-10,47,9,8,Mixed,Rare,7,1
35,Premium,2025-05-11,2028-04-25,36,27,8,Late,Rare,4,1
34,Premium,2024-02-10,2027-10-22,45,19,5,Mixed,Occasional,1,1
43,VIP,2021-10-16,2023-10-06,24,5,5,On-time,Regular,8,0
25,VIP,2022-05-19,2023-08-12,15,11,7,On-time,Occasional,6,1
64,VIP,2023-10-06,2026-02-22,29,1,5,Late,Regular,6,0
57,Basic,2022-07-24,2023-03-21,8,6,0,Mixed,Occasional,2,1
29,VIP,2022-05-09,2022-10-06,5,15,3,Mixed,Regular,1,1
44,Premium,2023-11-30,2026-04-18,29,2,6,Late,Regular,2,1
25,Basic,2024-06-18,2028-04-28,47,12,1,Late,Regular,4,0
42,Basic,2024-05-22,2024-09-19,4,2,8,On-time,Occasional,2,1
63,Basic,2024-09-29,2025-09-24,12,26,7,Mixed,Rare,1,1
21,Premium,2024-07-01,2028-03-12,45,17,7,Late,Rare,7,1
50,Premium,2024-11-26,2025-01-25,2,10,6,Mixed,Occasional,8,1
18,Premium,2022-10-01,2024-12-19,27,7,3,Late,Regular,6,0
36,Basic,2025-06-04,2027-12-21,31,5,1,On-time,Regular,4,0
48,Basic,2022-08-28,2025-08-12,36,0,2,Late,Occasional,6,0
33,VIP,2025-03-02,2028-02-15,36,27,5,Late,Rare,3,1
31,VIP,2024-12-26,2027-02-14,26,0,4,Late,Rare,8,1
22,Premium,2023-05-27,2026-12-07,43,22,7,Late,Regular,10,1
58,Basic,2022-12-28,2025-03-17,27,7,5,Late,Rare,2,1
43,VIP,2022-08-23,2023-01-20,5,4,5,Mixed,Rare,5,1
45,Premium,2022-08-08,2024-03-30,20,27,0,On-time,Rare,1,1
19,Premium,2024-02-28,2025-01-23,11,15,3,On-time,Regular,6,0
23,VIP,2024-06-03,2025-03-30,10,10,4,Late,Rare,2,1
26,Premium,2023-05-02,2026-08-14,40,4,2,Late,Regular,4,0
50,Basic,2025-04-07,2028-05-21,38,3,8,Mixed,Occasional,6,1
58,Premium,2023-08-31,2024-02-27,6,29,0,Late,Occasional,10,0
42,Basic,2023-07-20,2024-03-16,8,5,5,Late,Regular,8,0
30,Basic,2022-11-27,2024-10-17,23,13,5,Mixed,Rare,8,1
26,VIP,2023-11-10,2027-09-20,47,21,9,Late,Occasional,6,1
30,VIP,2023-10-11,2025-11-29,26,18,4,Mixed,Regular,4,0
48,VIP,2022-09-20,2026-07-01,46,8,4,On-time,Rare,8,1
58,Premium,2022-02-19,2025-09-01,43,11,9,Late,Occasional,8,1
28,VIP,2024-02-28,2025-02-22,12,10,4,On-time,Regular,10,0
21,VIP,2023-06-09,2025-07-28,26,13,5,Late,Rare,1,1
51,Premium,2024-06-12,2025-07-07,13,22,7,Late,Rare,4,1
55,VIP,2023-02-25,2026-06-09,40,15,1,Late,Regular,4,0
63,Premium,2023-05-12,2024-11-02,18,0,5,On-time,Rare,7,1
21,Premium,2024-06-17,2026-07-07,25,12,0,Late,Occasional,7,0
55,Basic,2024-12-20,2027-09-06,33,22,3,Mixed,Regular,8,0
36,Basic,2022-09-10,2026-07-21,47,20,9,On-time,Rare,5,1
23,VIP,2023-02-04,2026-05-19,40,20,2,Mixed,Rare,7,1
51,Premium,2023-03-04,2026-09-14,43,29,8,Mixed,Rare,8,1
35,Basic,2023-07-03,2024-06-27,12,12,2,Late,Rare,9,1
30,Basic,2022-01-27,2025-09-08,44,1,5,Late,Rare,3,1
58,Basic,2023-12-29,2026-12-13,36,3,0,On-time,Regular,3,1
40,Basic,2022-09-28,2023-01-26,4,27,5,On-time,Occasional,4,0
36,VIP,2025-04-10,2025-09-07,5,5,3,Mixed,Occasional,5,1
62,Basic,2024-03-17,2027-04-01,37,25,7,Late,Regular,10,1
28,VIP,2024-11-26,2025-07-24,8,26,8,Mixed,Rare,1,1
18,Premium,2023-06-27,2026-12-08,42,22,3,Late,Occasional,7,0
41,VIP,2022-04-07,2024-07-25,28,26,9,Mixed,Occasional,9,1
24,Basic,2024-01-21,2026-08-08,31,4,9,Late,Occasional,8,1
42,Premium,2022-08-20,2023-05-17,9,24,5,On-time,Rare,5,1
38,Premium,2024-02-06,2026-06-25,29,2,0,On-time,Regular,4,0
32,VIP,2022-04-18,2023-06-12,14,0,3,Late,Occasional,7,0
18,Premium,2022-01-25,2025-05-09,40,3,6,Mixed,Regular,5,1
29,VIP,2022-07-01,2025-11-12,41,24,0,On-time,Occasional,7,0
24,Premium,2023-12-15,2025-10-05,22,19,7,Late,Regular,1,1
32,VIP,2023-09-02,2024-07-28,11,1,9,Late,Rare,1,1
38,Basic,2024-01-05,2025-11-25,23,25,5,Mixed,Rare,10,1
36,VIP,2022-10-06,2022-11-05,1,29,4,Late,Rare,3,1
46,VIP,2023-10-08,2027-07-19,46,29,9,On-time,Regular,2,1
42,Basic,2023-05-11,2026-05-25,37,4,8,On-time,Rare,2,1
50,VIP,2022-08-28,2024-05-19,21,2,1,Mixed,Rare,7,1
49,VIP,2021-10-20,2023-12-09,26,28,4,Mixed,Occasional,10,0
52,Premium,2021-10-29,2025-08-09,46,27,5,On-time,Regular,2,1
61,VIP,2021-10-12,2024-09-26,36,28,6,Mixed,Regular,4,1
55,Premium,2022-02-06,2023-12-28,23,8,4,On-time,Occasional,2,1
43,Basic,2025-01-06,2025-02-05,1,19,8,Late,Rare,6,1
28,Premium,2022-02-12,2025-05-27,40,5,0,Mixed,Occasional,8,0
52,Premium,2021-09-05,2022-11-29,15,17,6,On-time,Rare,10,1
25,Basic,2021-09-13,2023-06-05,21,5,9,Mixed,Regular,4,1
63,Premium,2021-12-16,2025-10-26,47,18,6,Late,Rare,5,1
31,Basic,2023-10-21,2024-07-17,9,27,3,On-time,Occasional,4,0
27,VIP,2023-10-26,2024-07-22,9,11,8,On-time,Rare,3,1
19,VIP,2022-11-15,2023-09-11,10,24,4,On-time,Occasional,5,0
63,Premium,2022-01-09,2024-02-28,26,10,3,Late,Rare,9,1
26,VIP,2021-10-01,2025-02-12,41,1,6,On-time,Regular,8,1
20,Basic,2023-08-05,2026-06-20,35,14,3,Mixed,Regular,8,0
38,VIP,2023-10-05,2025-10-24,25,11,2,On-time,Regular,8,0
43,Basic,2024-08-31,2026-10-20,26,11,8,Late,Rare,8,1
25,VIP,2022-02-12,2023-01-08,11,8,7,Mixed,Occasional,7,1
19,Premium,2022-02-03,2025-03-19,38,20,0,Late,Regular,8,0
23,VIP,2023-08-31,2023-10-30,2,23,6,Mixed,Occasional,8,1
45,VIP,2023-09-20,2024-04-17,7,1,8,Mixed,Regular,8,1
46,VIP,2021-09-16,2023-03-10,18,21,7,Late,Regular,10,1
43,Basic,2022-02-04,2024-04-24,27,2,7,Late,Regular,7,1
42,Basic,2022-06-04,2025-03-20,34,11,5,Late,Regular,1,1
29,Premium,2024-04-29,2026-07-18,27,27,3,Late,Occasional,4,0
22,Basic,2023-12-29,2025-05-22,17,29,7,On-time,Occasional,4,1
51,VIP,2021-12-31,2025-07-13,43,25,2,Late,Rare,5,1
54,VIP,2021-09-04,2025-04-16,44,15,8,Mixed,Occasional,10,1
32,Basic,2021-09-03,2023-08-24,24,20,1,On-time,Rare,6,1
61,VIP,2022-06-04,2024-06-23,25,27,1,Late,Occasional,4,0
53,Premium,2022-12-06,2023-07-04,7,23,6,On-time,Occasional,2,1
32,Premium,2022-07-06,2023-01-02,6,25,9,Mixed,Regular,6,1
60,Basic,2023-08-16,2025-08-05,24,29,3,Mixed,Rare,8,1
40,Basic,2025-03-24,2027-12-09,33,0,9,Mixed,Regular,8,1
23,Premium,2025-07-13,2027-11-30,29,20,7,On-time,Occasional,7,1
63,Premium,2023-10-12,2027-04-24,43,2,8,On-time,Occasional,6,1
61,Basic,2024-12-07,2026-09-28,22,19,6,Late,Regular,2,1
60,Basic,2023-03-13,2025-05-01,26,1,4,Late,Rare,7,1
62,Basic,2022-02-12,2024-06-01,28,8,7,Late,Occasional,5,1
38,VIP,2024-06-25,2026-03-17,21,18,3,Mixed,Occasional,6,0
40,Basic,2021-08-18,2022-03-16,7,14,1,Late,Regular,10,0
60,Basic,2022-05-18,2023-10-10,17,17,5,On-time,Occasional,8,0
33,VIP,2022-08-03,2024-03-25,20,25,8,Late,Occasional,8,1
64,Premium,2023-07-16,2026-11-27,41,10,0,Mixed,Occasional,3,1
32,Basic,2024-11-10,2026-07-03,20,24,9,Late,Rare,7,1
42,VIP,2023-04-01,2025-01-20,22,22,6,Mixed,Occasional,1,1
53,Basic,2024-12-24,2027-04-13,28,15,9,Mixed,Occasional,1,1
28,Basic,2022-03-25,2025-07-07,40,21,8,Mixed,Occasional,7,1
32,VIP,2025-03-14,2025-10-10,7,16,9,Late,Regular,10,1
21,Premium,2024-06-09,2024-07-09,1,4,8,On-time,Occasional,9,1
38,VIP,2023-06-09,2026-01-24,32,11,9,Late,Rare,7,1
30,Basic,2024-09-24,2025-10-19,13,10,2,Mixed,Occasional,10,0
39,Premium,2024-10-08,2027-03-27,30,29,4,Late,Occasional,5,0
36,VIP,2023-02-12,2025-01-02,23,14,7,Late,Rare,8,1
51,VIP,2024-12-29,2026-07-22,19,26,7,Late,Occasional,2,1
31,Premium,2022-11-06,2025-06-23,32,2,3,Mixed,Regular,9,0
21,Basic,2023-06-24,2025-12-10,30,0,0,Mixed,Rare,6,1
63,VIP,2025-02-21,2027-07-11,29,19,0,Late,Occasional,9,0
44,VIP,2023-11-14,2027-07-26,45,28,3,Late,Regular,2,1
46,VIP,2022-03-08,2024-07-25,29,15,5,Late,Occasional,3,1
64,Basic,2022-05-24,2024-11-09,30,1,7,On-time,Rare,8,1
45,VIP,2025-01-09,2026-05-04,16,1,5,Mixed,Regular,1,1
52,Premium,2021-11-03,2025-02-15,40,2,8,On-time,Rare,10,1
25,Premium,2024-04-07,2025-10-29,19,7,8,Mixed,Occasional,7,1
33,VIP,2021-10-11,2023-04-04,18,23,1,Late,Occasional,7,0
59,VIP,2023-09-24,2023-10-24,1,27,9,On-time,Regular,1,1
53,Premium,2023-06-12,2024-08-05,14,14,0,Late,Regular,9,0
47,Premium,2022-12-03,2026-10-13,47,6,1,On-time,Occasional,8,0
35,VIP,2024-06-07,2024-08-06,2,5,4,Late,Rare,4,1
19,Premium,2021-10-14,2024-02-01,28,8,3,Mixed,Occasional,10,0
30,Basic,2025-02-18,2027-08-07,30,19,3,Late,Occasional,5,0
21,Basic,2022-04-30,2025-06-13,38,27,8,Mixed,Occasional,2,1
43,Basic,2023-03-04,2023-07-02,4,0,7,Late,Rare,9,1
42,Basic,2024-03-13,2024-04-12,1,7,5,Late,Rare,6,1
47,Premium,2022-12-29,2023-08-26,8,22,0,Mixed,Occasional,3,1
28,Basic,2024-01-11,2026-05-30,29,22,1,Mixed,Regular,7,0
24,VIP,2024-08-11,2027-10-25,39,2,5,On-time,Rare,9,1
48,VIP,2023-02-24,2023-05-25,3,3,1,Late,Occasional,3,1
61,Basic,2023-10-13,2026-05-30,32,25,9,On-time,Occasional,2,1
27,VIP,2024-03-29,2025-01-23,10,24,4,On-time,Occasional,7,0
56,Basic,2025-02-14,2025-12-11,10,14,4,Mixed,Regular,7,0
30,Basic,2021-12-01,2023-06-24,19,5,5,Mixed,Rare,4,1
48,Basic,2024-10-25,2028-08-05,46,14,5,Late,Occasional,9,0
24,VIP,2025-02-21,2027-12-08,34,20,5,On-time,Rare,8,1
59,VIP,2024-08-03,2027-04-20,33,2,1,Late,Occasional,1,1
59,Basic,2023-10-30,2025-09-19,23,24,9,On-time,Occasional,1,1
53,Basic,2022-10-02,2025-01-19,28,20,2,Mixed,Rare,5,1
37,Basic,2023-02-15,2025-10-02,32,20,5,Late,Regular,6,0
21,Basic,2025-07-13,2026-02-08,7,13,7,On-time,Regular,3,1
24,Premium,2023-01-30,2025-06-18,29,19,0,Mixed,Rare,9,1
18,Basic,2021-11-25,2022-07-23,8,13,0,On-time,Rare,10,1
61,VIP,2024-11-03,2024-12-03,1,3,1,Late,Occasional,6,1
62,Basic,2024-04-18,2024-07-17,3,11,5,Mixed,Occasional,4,0
59,Premium,2022-08-19,2024-08-08,24,16,8,On-time,Rare,7,1
64,VIP,2022-04-18,2024-03-08,23,6,3,On-time,Rare,8,1
30,Premium,2022-10-04,2023-06-01,8,8,2,Late,Rare,9,1
39,Basic,2025-07-06,2029-05-16,47,2,7,Late,Regular,6,1
38,VIP,2022-02-04,2025-02-18,37,27,9,Late,Regular,6,1
39,Basic,2022-06-18,2022-09-16,3,12,8,Mixed,Regular,8,1
45,VIP,2023-04-21,2026-01-05,33,14,4,Mixed,Rare,5,1
26,VIP,2024-12-19,2027-04-08,28,17,8,Late,Rare,3,1
43,VIP,2022-05-17,2026-03-27,47,18,1,Mixed,Occasional,3,1
26,Premium,2024-06-06,2025-02-01,8,0,2,On-time,Regular,6,0
32,Basic,2025-02-13,2027-11-30,34,5,6,Late,Regular,2,1
27,Premium,2025-05-22,2028-04-06,35,26,6,Mixed,Regular,6,1
41,Premium,2022-05-28,2025-01-12,32,26,5,Mixed,Regular,6,0
59,Basic,2023-10-26,2025-10-15,24,22,5,Late,Rare,8,1
25,Basic,2023-12-06,2025-01-29,14,26,1,Late,Occasional,7,0
41,Basic,2025-04-02,2027-11-18,32,26,9,Mixed,Occasional,8,1
33,VIP,2024-11-03,2028-08-14,46,1,5,Mixed,Occasional,9,0
43,Premium,2022-02-10,2025-08-23,43,23,3,Late,Rare,6,1
44,Premium,2022-06-05,2023-09-28,16,13,2,Mixed,Regular,3,1
54,Premium,2024-02-21,2024-06-20,4,5,1,On-time,Rare,10,1
21,Premium,2025-04-07,2028-04-21,37,13,0,Mixed,Regular,3,1
41,Premium,2025-02-12,2026-11-04,21,3,4,On-time,Rare,1,1
36,VIP,2023-01-13,2024-03-08,14,20,1,On-time,Occasional,5,0
53,Basic,2023-02-18,2025-09-05,31,7,1,Mixed,Occasional,4,0
56,VIP,2024-08-11,2026-02-02,18,29,6,Mixed,Occasional,9,1
27,VIP,2023-04-15,2023-11-11,7,2,7,Late,Occasional,9,1
42,VIP,2022-04-15,2023-02-09,10,18,9,On-time,Regular,5,1
35,Basic,2022-12-01,2023-06-29,7,29,7,Mixed,Rare,10,1
36,Basic,2025-02-04,2027-10-22,33,13,3,On-time,Regular,4,0
53,Premium,2023-05-06,2025-03-26,23,26,0,Late,Rare,7,1
27,VIP,2024-06-12,2026-03-04,21,19,6,On-time,Occasional,6,1
50,Premium,2021-12-22,2023-07-15,19,16,0,Mixed,Occasional,4,0
22,Basic,2023-04-21,2024-11-11,19,24,3,Mixed,Occasional,10,0
64,Basic,2021-08-29,2024-08-13,36,7,7,On-time,Rare,2,1
52,Basic,2022-05-13,2024-09-29,29,23,1,Late,Occasional,1,1
61,Basic,2022-03-14,2023-09-05,18,13,5,On-time,Regular,4,0
51,VIP,2024-06-09,2024-08-08,2,25,5,Mixed,Regular,4,0
50,Premium,2023-10-14,2023-11-13,1,5,8,Late,Regular,1,1
38,Basic,2022-08-23,2026-07-03,47,22,4,On-time,Rare,6,1
34,Premium,2023-08-27,2024-01-24,5,21,9,On-time,Regular,4,1
39,Basic,2024-04-11,2025-12-02,20,15,3,Late,Occasional,1,1
54,Premium,2022-12-03,2023-10-29,11,24,4,On-time,Rare,1,1
32,Premium,2024-04-01,2027-09-13,42,18,9,Late,Occasional,1,1
52,Basic,2021-09-15,2021-11-14,2,13,4,Late,Rare,8,1
45,Basic,2022-09-03,2022-12-02,3,18,7,Late,Regular,10,1
24,Premium,2023-06-26,2025-05-16,23,2,9,Late,Occasional,8,1
49,VIP,2025-06-07,2026-06-02,12,9,7,On-time,Occasional,2,1
28,Basic,2024-11-27,2026-07-20,20,18,1,On-time,Rare,7,1
27,Basic,2021-09-25,2022-02-22,5,8,6,Mixed,Occasional,8,1
26,VIP,2023-12-30,2027-01-13,37,27,7,Late,Regular,8,1
31,VIP,2024-05-03,2027-06-17,38,19,5,Mixed,Rare,10,1
30,Basic,2021-12-16,2024-06-03,30,12,4,Mixed,Occasional,7,0
42,Basic,2025-06-18,2026-03-15,9,6,8,On-time,Rare,5,1
19,Basic,2024-12-01,2027-09-17,34,13,2,On-time,Occasional,1,1
52,Basic,2021-12-22,2025-08-03,44,8,9,On-time,Regular,9,1
24,Premium,2023-05-09,2026-03-24,35,26,3,On-time,Regular,7,0
38,Premium,2024-10-04,2026-07-26,22,27,8,Mixed,Regular,2,1
35,Premium,2023-02-17,2026-09-29,44,22,5,Late,Regular,6,0
20,Basic,2022-11-28,2024-11-17,24,24,7,Mixed,Occasional,2,1
59,Premium,2024-04-18,2025-09-10,17,27,6,Mixed,Regular,1,1
56,Basic,2022-09-29,2023-07-26,10,18,1,On-time,Rare,7,1
58,Basic,2023-04-21,2025-10-07,30,14,2,Late,Occasional,2,1
28,Premium,2023-09-25,2027-07-06,46,19,0,Mixed,Regular,2,1
56,Basic,2024-01-15,2025-12-05,23,13,8,On-time,Rare,5,1
41,Premium,2022-03-17,2024-11-01,32,23,6,On-time,Occasional,5,1
63,Premium,2022-08-07,2023-12-30,17,5,0,Late,Rare,7,1
36,Premium,2025-06-28,2026-11-20,17,20,2,Mixed,Occasional,1,1
21,Premium,2022-04-06,2023-05-31,14,28,3,Late,Rare,8,1
43,Premium,2022-02-17,2022-11-14,9,3,3,Late,Regular,3,1
55,VIP,2025-02-07,2028-05-22,40,7,4,Late,Rare,4,1
59,VIP,2024-03-25,2024-05-24,2,16,2,Mixed,Rare,9,1
49,VIP,2022-08-10,2026-04-21,45,29,2,On-time,Occasional,4,0
56,VIP,2021-09-17,2023-10-07,25,8,0,Late,Occasional,10,0
62,VIP,2024-02-13,2027-04-28,39,0,6,Late,Regular,5,1
63,Premium,2025-04-07,2026-01-02,9,23,9,Mixed,Rare,7,1
53,Basic,2022-08-19,2024-06-09,22,19,0,Mixed,Rare,4,1
57,Basic,2024-10-08,2028-04-20,43,24,1,On-time,Rare,1,1
54,Premium,2021-10-11,2025-07-22,46,13,3,On-time,Rare,9,1
50,Basic,2024-03-05,2024-07-03,4,10,3,Late,Regular,4,0
53,Basic,2024-09-16,2026-11-05,26,20,4,Late,Occasional,9,0
20,VIP,2025-01-15,2027-06-04,29,2,1,Mixed,Rare,6,1
26,VIP,2023-11-16,2027-07-28,45,8,3,Late,Regular,1,1
25,VIP,2022-06-18,2025-04-03,34,26,0,Mixed,Regular,3,1
50,Basic,2023-08-15,2025-07-05,23,13,1,Late,Regular,2,1
23,VIP,2022-10-26,2025-11-09,37,29,0,Mixed,Regular,9,0
58,Premium,2022-06-01,2023-04-27,11,8,9,Late,Regular,1,1
56,Basic,2025-01-05,2025-07-04,6,3,9,Late,Occasional,9,1
21,Basic,2024-11-04,2026-04-28,18,26,3,Late,Regular,9,0
30,VIP,2022-11-07,2024-07-29,21,3,3,On-time,Occasional,8,0
19,Premium,2022-12-30,2026-06-12,42,27,6,Late,Rare,8,1
22,VIP,2022-04-17,2025-04-01,36,7,9,Late,Rare,1,1
61,VIP,2022-01-12,2025-05-26,41,1,8,On-time,Occasional,8,1
44,Basic,2021-11-06,2024-12-20,38,8,8,On-time,Occasional,10,1
49,Basic,2025-03-09,2027-12-24,34,28,4,Late,Rare,3,1
38,VIP,2025-06-27,2026-11-19,17,13,9,Mixed,Regular,7,1
25,Basic,2023-12-27,2027-01-10,37,21,0,Late,Rare,1,1
55,Basic,2023-12-23,2026-01-11,25,8,0,Mixed,Regular,1,1
25,Basic,2021-11-06,2024-12-20,38,23,5,Late,Regular,10,0
20,VIP,2023-08-29,2024-08-23,12,22,1,Mixed,Occasional,5,0
61,Basic,2023-10-28,2025-09-17,23,15,7,Late,Occasional,5,1
20,VIP,2021-12-11,2025-05-24,42,28,8,On-time,Rare,8,1
39,Basic,2023-03-14,2025-01-02,22,29,3,Mixed,Rare,7,1
23,Premium,2022-11-26,2024-08-17,21,16,4,Late,Occasional,8,0
19,Basic,2025-02-10,2027-05-01,27,15,7,Late,Rare,6,1
40,VIP,2024-03-12,2026-09-28,31,29,2,On-time,Occasional,6,0
61,Basic,2021-09-04,2022-03-03,6,11,4,Mixed,Occasional,2,1
19,VIP,2023-05-22,2025-08-09,27,2,2,Mixed,Rare,6,1
55,VIP,2022-06-13,2025-09-25,40,10,9,Mixed,Regular,5,1
34,Basic,2021-08-28,2024-06-13,34,13,2,On-time,Regular,3,1
52,VIP,2024-11-11,2025-11-06,12,17,2,Mixed,Occasional,6,0
51,Basic,2022-04-02,2025-12-12,45,20,6,Mixed,Rare,8,1
40,Premium,2022-08-17,2023-03-15,7,20,6,Late,Regular,9,1
47,VIP,2023-06-17,2024-04-12,10,4,6,Late,Occasional,1,1
25,VIP,2024-01-24,2027-10-05,45,15,9,On-time,Occasional,3,1
39,VIP,2023-01-06,2024-05-30,17,19,7,Mixed,Rare,3,1
61,VIP,2024-06-02,2026-07-22,26,4,4,Late,Rare,8,1
53,Premium,2024-02-06,2025-10-28,21,2,4,On-time,Occasional,1,1
22,Premium,2023-04-09,2025-07-27,28,11,3,Mixed,Regular,5,0
30,Basic,2023-01-24,2026-11-04,46,0,6,On-time,Rare,3,1
46,VIP,2025-06-09,2025-08-08,2,20,9,Mixed,Rare,2,1
48,VIP,2023-08-30,2027-03-12,43,28,3,Late,Rare,8,1
64,Premium,2025-06-25,2025-07-25,1,8,1,Mixed,Regular,3,1
33,Basic,2024-08-28,2027-08-13,36,28,3,Mixed,Regular,7,0
59,Premium,2024-02-19,2026-04-09,26,8,7,Mixed,Occasional,1,1
47,Premium,2024-06-10,2026-10-28,29,3,8,Mixed,Rare,6,1
33,Basic,2023-09-30,2025-06-21,21,2,2,On-time,Regular,3,1
29,VIP,2022-11-16,2023-10-12,11,16,6,Mixed,Regular,8,1
34,VIP,2024-03-31,2027-07-14,40,1,8,On-time,Rare,6,1
33,Premium,2022-05-05,2023-03-31,11,23,3,Mixed,Regular,2,1
29,Premium,2022-06-25,2025-06-09,36,0,9,Mixed,Occasional,6,1
25,Premium,2021-10-06,2024-12-19,39,7,2,On-time,Regular,7,0
37,Basic,2023-04-03,2026-07-16,40,12,4,Late,Regular,5,0
20,Basic,2023-07-19,2026-06-03,35,22,0,Late,Occasional,3,1
33,Premium,2023-03-14,2025-12-28,34,14,2,On-time,Rare,4,1
47,VIP,2025-05-25,2029-04-04,47,7,7,Mixed,Regular,4,1
62,VIP,2023-12-18,2025-12-07,24,11,7,Late,Occasional,6,1
40,Basic,2022-03-19,2024-01-08,22,21,3,Mixed,Rare,10,1
45,Basic,2022-05-23,2022-10-20,5,11,1,On-time,Occasional,1,1
57,VIP,2025-02-15,2027-11-02,33,13,7,On-time,Regular,4,1
22,Basic,2024-09-04,2027-08-20,36,14,7,Late,Occasional,10,1
37,VIP,2023-12-23,2027-11-02,47,14,9,Late,Regular,4,1
57,Premium,2021-10-18,2023-06-10,20,8,3,Mixed,Rare,10,1
61,Basic,2024-09-13,2026-04-06,19,18,2,Late,Rare,1,1
18,Premium,2023-09-02,2026-07-18,35,25,1,On-time,Occasional,9,0
47,Basic,2023-03-30,2026-10-10,43,19,8,On-time,Regular,4,1
38,Basic,2022-08-02,2023-12-25,17,28,0,On-time,Rare,7,1
37,Premium,2022-10-16,2026-06-27,45,21,6,Mixed,Occasional,3,1
23,Premium,2024-04-27,2027-11-08,43,7,4,Late,Rare,10,1
39,Basic,2023-11-10,2026-08-26,34,20,7,Mixed,Rare,3,1
35,Premium,2022-10-26,2023-07-23,9,18,3,Mixed,Regular,8,0
25,VIP,2024-10-24,2026-12-13,26,5,6,Late,Rare,8,1
56,VIP,2022-08-03,2022-10-02,2,19,4,On-time,Rare,1,1
49,Premium,2022-10-15,2023-07-12,9,24,4,Late,Regular,10,0
50,VIP,2025-07-10,2026-04-06,9,28,8,Late,Rare,2,1
33,VIP,2022-06-14,2025-09-26,40,18,8,Late,Rare,8,1
29,VIP,2022-03-13,2023-08-05,17,3,8,Mixed,Regular,1,1
55,Basic,2023-06-02,2023-07-02,1,22,5,Late,Regular,8,0
51,VIP,2023-02-19,2025-03-10,25,6,5,On-time,Rare,8,1
31,VIP,2022-10-27,2026-05-09,43,27,4,Late,Rare,2,1
53,Premium,2023-02-12,2026-05-27,40,27,8,On-time,Rare,4,1
50,VIP,2021-10-10,2025-03-23,42,3,9,On-time,Rare,6,1
40,Basic,2025-05-29,2027-06-18,25,21,7,On-time,Occasional,9,1
62,Basic,2023-03-01,2026-05-14,39,11,6,Mixed,Rare,8,1
19,Premium,2023-04-14,2026-02-27,35,12,6,Mixed,Regular,8,1
58,Basic,2022-12-22,2023-03-22,3,2,5,Mixed,Regular,7,1
38,Basic,2023-09-28,2026-10-12,37,21,4,Late,Regular,9,0
19,VIP,2024-10-19,2028-05-31,44,11,3,Mixed,Regular,2,1
44,VIP,2024-07-10,2028-02-20,44,1,2,Late,Rare,3,1
26,Basic,2023-10-18,2026-04-05,30,23,2,On-time,Rare,10,1
18,Premium,2022-06-11,2025-07-25,38,1,5,Late,Occasional,8,0
28,Premium,2023-09-27,2026-07-13,34,26,3,On-time,Rare,6,1
20,VIP,2025-03-17,2026-03-12,12,22,5,Late,Regular,10,0
40,Basic,2023-04-06,2024-10-27,19,8,2,Mixed,Rare,9,1
43,VIP,2022-07-29,2025-08-12,37,0,3,On-time,Occasional,10,0
21,Premium,2021-10-14,2025-05-26,44,7,8,Late,Rare,4,1
35,Basic,2023-07-05,2024-11-26,17,22,4,Late,Rare,8,1
23,VIP,2025-03-20,2026-01-14,10,5,6,Mixed,Regular,10,1
52,VIP,2023-05-16,2027-03-26,47,5,9,Mixed,Occasional,3,1
39,Premium,2022-05-21,2023-05-16,12,21,1,Mixed,Rare,3,1
60,VIP,2021-08-28,2022-12-21,16,24,4,Late,Rare,8,1
32,Premium,2022-10-06,2024-09-25,24,17,8,Mixed,Occasional,5,1
39,Premium,2022-07-29,2024-02-19,19,16,2,Late,Rare,3,1
54,Basic,2023-10-20,2024-06-16,8,28,8,Mixed,Occasional,10,1
59,Basic,2024-02-18,2026-09-05,31,11,5,Late,Occasional,1,1
29,VIP,2023-05-05,2025-01-24,21,5,3,On-time,Regular,3,1
64,Premium,2022-06-21,2023-11-13,17,25,6,Mixed,Rare,9,1
59,Premium,2022-05-30,2024-04-19,23,26,7,On-time,Occasional,5,1
55,Basic,2024-01-02,2027-01-16,37,7,5,Late,Occasional,10,0
35,Basic,2024-03-14,2025-07-07,16,18,4,On-time,Occasional,2,1
62,Premium,2022-01-31,2022-07-30,6,27,5,Mixed,Regular,7,0
52,Basic,2023-01-30,2023-09-27,8,9,4,Mixed,Rare,2,1
47,VIP,2021-12-27,2024-01-16,25,0,7,Late,Regular,4,1
41,Premium,2022-03-20,2023-09-11,18,24,0,Mixed,Regular,7,0
59,Basic,2023-08-11,2025-08-30,25,28,6,On-time,Occasional,4,1
47,VIP,2023-12-12,2024-12-06,12,12,9,Mixed,Occasional,7,1
31,Premium,2023-05-17,2024-08-09,15,16,9,On-time,Occasional,7,1
23,VIP,2023-03-07,2025-04-25,26,2,1,Mixed,Occasional,1,1
20,VIP,2024-11-10,2028-03-24,41,7,8,Late,Regular,6,1
33,Premium,2022-07-11,2026-03-22,45,13,0,Mixed,Occasional,9,0
24,VIP,2025-02-11,2027-04-02,26,2,9,Late,Rare,2,1
31,Basic,2022-10-22,2026-09-01,47,15,5,Mixed,Regular,3,1
26,Basic,2022-07-01,2025-02-15,32,12,8,Late,Occasional,10,1
32,Basic,2023-08-18,2024-06-13,10,19,0,On-time,Rare,5,1
38,VIP,2021-12-14,2023-04-08,16,23,3,On-time,Occasional,9,0
52,Basic,2022-02-17,2022-09-15,7,16,3,On-time,Rare,4,1
19,VIP,2022-07-18,2023-12-10,17,12,8,On-time,Occasional,1,1
44,Basic,2022-08-09,2024-06-29,23,28,4,Late,Occasional,4,0
19,Premium,2022-10-10,2024-11-28,26,5,4,Late,Regular,6,0
52,VIP,2025-04-12,2027-01-02,21,16,5,On-time,Occasional,5,0
35,VIP,2022-11-30,2024-09-20,22,13,0,On-time,Rare,1,1
31,Basic,2022-10-07,2023-05-05,7,16,0,On-time,Rare,4,1
37,Premium,2024-04-18,2025-06-12,14,29,8,Mixed,Regular,6,1
35,Basic,2022-03-05,2023-05-29,15,7,2,On-time,Occasional,10,0
27,Basic,2023-01-15,2023-08-13,7,10,3,Late,Regular,10,0
42,Premium,2024-12-09,2025-09-05,9,19,0,Late,Occasional,4,0
19,Premium,2024-03-28,2024-11-23,8,27,8,Late,Regular,9,1
42,Basic,2024-05-09,2026-03-30,23,0,7,Mixed,Occasional,5,1
50,Premium,2024-08-08,2026-12-26,29,25,1,Mixed,Occasional,8,0
53,Basic,2024-01-11,2025-07-04,18,6,7,Mixed,Regular,9,1
48,VIP,2021-12-10,2024-06-27,31,20,6,Mixed,Regular,10,1
31,Basic,2022-01-14,2024-07-02,30,20,5,Late,Regular,5,0
18,VIP,2024-07-23,2027-10-06,39,16,0,Mixed,Regular,6,0
63,Basic,2025-06-22,2028-05-07,35,29,6,Mixed,Occasional,1,1
33,Premium,2024-02-09,2025-08-02,18,9,9,Mixed,Occasional,7,1
63,VIP,2022-06-17,2025-11-28,42,10,6,On-time,Rare,4,1
20,Premium,2023-05-05,2026-07-18,39,21,8,Late,Occasional,2,1
52,VIP,2022-03-29,2023-08-21,17,29,0,Mixed,Regular,5,0
58,VIP,2022-02-14,2023-04-10,14,8,1,On-time,Regular,3,1
23,Basic,2023-06-14,2025-12-30,31,8,8,Late,Occasional,6,1
42,Basic,2024-04-29,2026-04-19,24,23,8,Mixed,Rare,8,1
30,Basic,2023-06-07,2026-04-22,35,4,5,Late,Rare,7,1
51,Basic,2022-10-03,2026-05-15,44,16,5,Late,Occasional,3,1
25,Premium,2021-11-04,2025-07-16,45,8,3,On-time,Regular,8,0
38,Basic,2024-02-15,2026-12-01,34,16,3,Mixed,Regular,2,1
51,Basic,2022-09-09,2022-12-08,3,23,4,Late,Occasional,10,0
21,VIP,2023-05-15,2026-05-29,37,20,2,On-time,Rare,9,1
42,Premium,2024-08-13,2028-02-24,43,18,0,Late,Occasional,4,0
32,Premium,2024-10-30,2028-02-12,40,26,0,Late,Occasional,1,1
21,VIP,2024-03-05,2026-04-24,26,6,6,On-time,Occasional,8,1
62,VIP,2023-01-31,2024-12-21,23,22,0,Late,Occasional,7,0
29,Basic,2025-02-05,2028-09-17,44,8,0,On-time,Regular,5,0
49,Premium,2023-03-16,2026-05-29,39,6,2,Mixed,Regular,10,0
49,Basic,2023-08-25,2024-11-17,15,12,9,Late,Occasional,5,1
45,VIP,2024-06-30,2024-10-28,4,10,3,Mixed,Rare,7,1
30,Basic,2022-12-01,2025-04-19,29,13,3,Mixed,Occasional,5,0
48,Premium,2023-08-24,2025-06-14,22,18,1,Late,Regular,8,0
31,Basic,2021-12-31,2024-01-20,25,10,0,On-time,Regular,6,0
37,Premium,2022-04-10,2023-05-05,13,12,2,Late,Rare,5,1
35,Basic,2022-08-13,2024-02-04,18,13,3,Late,Occasional,9,0
46,Basic,2024-10-03,2027-06-20,33,12,2,On-time,Regular,2,1
23,Premium,2024-06-13,2025-10-06,16,0,7,On-time,Regular,1,1
49,Premium,2025-07-03,2029-03-14,45,7,9,Late,Occasional,8,1
46,Premium,2021-11-27,2025-05-10,42,11,0,On-time,Occasional,3,1
60,Basic,2022-01-15,2025-08-27,44,18,1,Mixed,Rare,7,1
19,Basic,2024-03-03,2024-05-02,2,11,6,On-time,Rare,10,1
40,Basic,2023-06-22,2026-05-07,35,7,3,Mixed,Rare,8,1
36,VIP,2025-06-10,2028-11-21,42,7,7,Mixed,Occasional,6,1
48,Basic,2023-07-19,2026-05-04,34,28,2,Mixed,Occasional,10,0
22,Premium,2023-03-19,2025-09-04,30,20,5,On-time,Rare,9,1
36,Premium,2025-04-16,2026-05-11,13,12,8,On-time,Regular,7,1
51,Premium,2023-05-31,2024-06-24,13,11,0,Late,Regular,10,0
27,Basic,2023-11-18,2025-05-11,18,28,0,On-time,Occasional,5,0
42,Premium,2022-11-18,2025-07-05,32,15,7,On-time,Regular,8,1
19,Premium,2022-09-27,2025-05-14,32,0,2,Mixed,Occasional,2,1
28,VIP,2024-05-23,2027-04-08,35,12,4,On-time,Rare,7,1
48,VIP,2025-03-22,2028-06-04,39,25,0,On-time,Occasional,4,0
32,Premium,2023-11-06,2027-08-17,46,6,4,Mixed,Occasional,9,0
26,VIP,2022-03-13,2024-07-30,29,27,5,On-time,Occasional,1,1
40,VIP,2023-04-11,2025-08-28,29,25,7,Mixed,Regular,7,1
36,Premium,2022-07-12,2026-02-21,44,4,2,On-time,Occasional,6,0
26,Basic,2024-05-28,2025-09-20,16,7,2,On-time,Regular,8,0
52,Basic,2021-09-14,2025-04-26,44,24,9,Late,Rare,5,1
38,Premium,2023-07-17,2027-05-27,47,26,8,On-time,Rare,1,1
26,Basic,2021-12-22,2022-10-18,10,13,3,Mixed,Regular,1,1
45,VIP,2022-09-28,2025-03-16,30,22,3,On-time,Occasional,9,0
63,Premium,2023-06-15,2025-07-04,25,29,6,Late,Rare,10,1
24,Basic,2023-09-08,2026-11-21,39,12,1,On-time,Occasional,6,0
33,Basic,2021-08-27,2023-04-19,20,14,7,On-time,Regular,10,1
33,VIP,2024-04-14,2024-09-11,5,22,5,Mixed,Occasional,5,0
50,Premium,2023-01-07,2023-02-06,1,16,2,Late,Rare,1,1
21,Premium,2025-01-04,2027-06-23,30,14,8,On-time,Occasional,6,1
21,VIP,2023-07-07,2023-10-05,3,19,4,On-time,Rare,6,1
56,Premium,2022-06-18,2026-02-27,45,17,7,Mixed,Occasional,3,1
57,Premium,2022-11-10,2024-01-04,14,17,6,On-time,Rare,8,1
34,VIP,2022-10-10,2025-03-28,30,1,7,On-time,Rare,1,1
54,VIP,2025-04-10,2025-08-08,4,3,6,On-time,Rare,1,1
56,Basic,2023-09-21,2025-03-14,18,29,2,Late,Regular,6,0
46,Premium,2022-03-19,2025-04-02,37,0,1,On-time,Regular,10,0
53,VIP,2025-06-08,2027-06-28,25,3,6,Mixed,Regular,1,1
55,Basic,2021-09-21,2021-10-21,1,17,2,Late,Occasional,6,0
56,Premium,2024-10-09,2028-07-20,46,4,2,On-time,Occasional,1,1
54,Basic,2024-12-10,2026-03-05,15,18,1,On-time,Occasional,6,0
52,VIP,2023-03-01,2023-11-26,9,14,3,Late,Rare,3,1
24,Premium,2023-02-23,2024-05-18,15,27,7,On-time,Occasional,8,1
44,Basic,2021-12-26,2023-12-16,24,7,0,On-time,Regular,6,0
45,VIP,2025-05-14,2025-09-11,4,19,0,Mixed,Regular,1,1
39,VIP,2023-11-27,2024-11-21,12,16,4,Late,Rare,5,1
31,VIP,2023-07-17,2026-07-31,37,0,4,Mixed,Rare,8,1
24,VIP,2021-10-18,2024-11-01,37,11,0,On-time,Occasional,3,1
54,VIP,2024-06-13,2027-12-25,43,25,5,Mixed,Rare,6,1
39,VIP,2023-08-16,2024-02-12,6,18,0,On-time,Regular,5,0
22,VIP,2022-09-06,2025-11-19,39,14,4,Late,Regular,6,0
19,Basic,2025-01-19,2028-10-30,46,8,8,Late,Regular,10,1
44,Premium,2024-06-14,2026-06-04,24,6,4,Late,Regular,1,1
38,Premium,2024-04-26,2025-03-22,11,1,5,Mixed,Rare,7,1
55,Basic,2022-02-04,2023-03-01,13,28,7,Mixed,Occasional,9,1
32,VIP,2025-04-30,2028-02-14,34,8,0,On-time,Occasional,2,1
38,Premium,2024-10-23,2026-11-12,25,9,1,Late,Rare,10,1
27,VIP,2024-04-16,2024-11-12,7,1,8,Mixed,Occasional,5,1
40,Premium,2023-07-28,2023-11-25,4,18,2,On-time,Regular,10,0
56,VIP,2023-07-11,2024-03-07,8,10,5,Mixed,Rare,4,1
22,Basic,2021-09-06,2023-04-29,20,12,4,On-time,Rare,6,1
18,VIP,2023-03-17,2025-08-03,29,9,1,Mixed,Regular,6,0
30,Premium,2021-09-23,2025-06-04,45,13,6,Mixed,Occasional,2,1
38,VIP,2025-02-21,2028-12-02,46,17,3,Mixed,Rare,2,1
43,Premium,2023-02-11,2023-12-08,10,18,0,Late,Occasional,4,0
62,VIP,2022-07-18,2026-01-28,43,21,3,Late,Regular,1,1
38,Premium,2022-06-18,2025-04-03,34,8,5,Mixed,Occasional,9,0
35,Premium,2024-06-14,2026-08-03,26,24,6,On-time,Rare,7,1
54,Premium,2022-08-31,2026-01-12,41,6,6,On-time,Rare,7,1
62,VIP,2022-12-10,2023-03-10,3,27,6,Late,Occasional,3,1
49,Premium,2023-02-05,2023-08-04,6,2,2,Late,Rare,3,1
53,VIP,2022-04-27,2022-09-24,5,19,5,Late,Occasional,1,1
34,Basic,2022-05-04,2022-10-01,5,5,7,Mixed,Rare,3,1
52,Basic,2023-12-24,2027-11-03,47,26,3,On-time,Rare,3,1
28,Premium,2022-08-17,2024-07-07,23,20,7,Late,Rare,4,1
38,VIP,2025-03-28,2025-12-23,9,1,1,Mixed,Occasional,4,0
43,Premium,2022-08-14,2025-06-29,35,28,9,Late,Rare,3,1
21,VIP,2022-03-23,2023-11-13,20,5,8,On-time,Rare,10,1
51,VIP,2022-12-23,2026-06-05,42,2,8,On-time,Occasional,8,1
35,Basic,2024-06-12,2027-04-28,35,15,7,Late,Occasional,8,1
57,VIP,2022-02-14,2023-08-08,18,29,9,Mixed,Regular,1,1
52,VIP,2023-10-20,2025-03-13,17,7,9,On-time,Occasional,7,1
58,Premium,2022-05-15,2024-05-04,24,1,0,On-time,Occasional,2,1
46,Premium,2022-04-15,2022-07-14,3,16,1,On-time,Rare,1,1
46,VIP,2022-02-22,2024-10-09,32,8,5,Late,Regular,3,1
55,Basic,2023-07-13,2026-05-28,35,29,9,Mixed,Occasional,4,1
59,Premium,2024-11-22,2028-01-06,38,11,4,Mixed,Rare,6,1
38,Premium,2023-09-26,2024-10-20,13,2,8,Mixed,Occasional,10,1
59,Basic,2023-06-25,2027-05-05,47,10,4,Mixed,Rare,5,1
30,Premium,2023-12-05,2025-12-24,25,0,1,Mixed,Rare,4,1
58,VIP,2022-09-16,2023-06-13,9,22,9,Late,Rare,8,1
34,VIP,2022-07-13,2022-11-10,4,12,3,Late,Regular,4,0
26,VIP,2022-12-04,2024-01-28,14,14,8,Mixed,Rare,10,1
58,Premium,2024-03-10,2027-03-25,37,25,0,Mixed,Occasional,2,1
18,Premium,2023-01-14,2025-10-30,34,4,0,Late,Occasional,3,1
19,Premium,2022-01-15,2022-12-11,11,20,6,Late,Rare,6,1
46,Premium,2022-02-07,2025-06-21,41,29,2,Mixed,Rare,8,1
50,VIP,2022-04-04,2022-07-03,3,16,9,Mixed,Rare,8,1
27,Basic,2022-04-10,2024-07-28,28,24,1,Late,Regular,9,0
57,VIP,2025-01-26,2027-06-15,29,22,8,On-time,Rare,7,1
38,Premium,2021-08-28,2022-05-25,9,23,2,Mixed,Regular,2,1
45,VIP,2022-12-12,2023-03-12,3,24,1,On-time,Rare,8,1
28,Basic,2023-05-12,2025-05-31,25,5,7,Mixed,Occasional,7,1
51,VIP,2023-10-20,2026-08-05,34,27,9,Mixed,Regular,8,1
25,Basic,2022-03-15,2023-03-10,12,20,5,Mixed,Rare,3,1
39,Premium,2025-06-16,2028-11-27,42,21,5,Mixed,Rare,7,1
25,VIP,2022-04-13,2023-01-08,9,10,9,On-time,Rare,10,1
32,VIP,2024-08-10,2025-11-03,15,17,6,Late,Rare,9,1
34,VIP,2021-09-25,2025-01-07,40,3,6,Late,Occasional,3,1
40,VIP,2021-10-18,2023-11-07,25,2,5,On-time,Regular,10,0
41,Premium,2024-03-02,2024-07-30,5,12,3,Late,Rare,6,1
62,Basic,2024-02-20,2025-01-15,11,22,8,Late,Regular,2,1
36,Basic,2021-11-02,2024-08-18,34,8,5,Late,Regular,2,1
22,VIP,2024-12-10,2026-11-30,24,20,3,Late,Rare,5,1
49,Premium,2021-11-28,2023-02-21,15,5,2,Late,Rare,5,1
61,Basic,2022-05-16,2025-06-29,38,25,3,Mixed,Regular,7,0
18,Basic,2022-07-17,2023-03-14,8,29,2,On-time,Regular,2,1
40,Basic,2022-01-16,2022-06-15,5,27,1,Late,Regular,7,0
54,Basic,2024-04-26,2026-06-15,26,11,4,Late,Occasional,5,0
25,Basic,2023-02-20,2024-08-13,18,1,1,Late,Occasional,6,0
30,Basic,2022-03-27,2022-09-23,6,2,5,Mixed,Occasional,8,0
25,Premium,2025-01-29,2028-02-13,37,2,2,Late,Regular,10,0
40,VIP,2025-04-15,2026-05-10,13,27,5,Late,Occasional,4,0
60,Basic,2023-08-01,2025-11-18,28,11,9,On-time,Rare,7,1
18,Premium,2025-06-06,2025-11-03,5,14,8,Mixed,Regular,6,1
62,Premium,2022-05-22,2023-06-16,13,8,0,Late,Occasional,10,0
41,VIP,2025-01-23,2026-06-17,17,22,5,On-time,Rare,2,1
52,VIP,2023-10-01,2027-01-13,40,7,8,On-time,Rare,8,1
41,Basic,2023-06-22,2027-03-03,45,10,3,On-time,Occasional,10,0
34,VIP,2022-02-17,2024-10-04,32,15,1,On-time,Rare,9,1
22,VIP,2022-07-29,2024-12-15,29,25,3,Late,Rare,5,1
37,Premium,2024-03-26,2024-06-24,3,26,0,On-time,Regular,10,0
38,Premium,2024-04-15,2027-07-29,40,24,2,Mixed,Rare,4,1
57,Premium,2023-04-08,2026-01-22,34,21,9,Mixed,Regular,6,1
48,Basic,2023-02-01,2026-05-16,40,3,8,Late,Rare,8,1
63,Basic,2021-09-29,2023-12-18,27,27,9,On-time,Regular,3,1
53,VIP,2022-09-24,2023-10-19,13,0,4,Mixed,Rare,10,1
28,VIP,2024-06-23,2028-03-04,45,23,5,On-time,Occasional,1,1
32,Basic,2024-08-01,2027-04-18,33,6,2,Mixed,Rare,4,1
36,Basic,2025-01-06,2025-07-05,6,1,4,Mixed,Occasional,4,0
24,Premium,2024-02-26,2026-02-15,24,23,7,Mixed,Rare,1,1
45,Basic,2022-03-18,2023-10-09,19,27,5,Late,Occasional,9,0
60,Basic,2021-09-21,2023-01-14,16,4,3,Mixed,Occasional,3,1
22,VIP,2023-04-13,2026-07-26,40,6,1,On-time,Regular,5,0
22,VIP,2022-12-29,2025-04-17,28,3,8,Late,Occasional,6,1
47,Premium,2022-12-24,2025-09-09,33,4,0,Late,Rare,8,1
49,Basic,2022-05-31,2025-10-12,41,23,0,Mixed,Occasional,6,0
25,VIP,2025-03-03,2026-03-28,13,0,3,Late,Rare,3,1
27,Basic,2025-05-18,2028-11-28,43,0,6,Mixed,Occasional,6,1
55,Basic,2023-08-30,2027-05-11,45,14,0,On-time,Rare,1,1
64,Premium,2023-09-12,2025-10-01,25,19,8,Late,Rare,4,1
49,Basic,2025-01-23,2028-07-06,42,18,3,Mixed,Rare,6,1
45,Premium,2023-04-22,2026-04-06,36,28,2,Late,Rare,7,1
34,VIP,2022-04-29,2024-07-17,27,9,0,Late,Rare,10,1
48,VIP,2025-04-26,2028-06-09,38,27,9,On-time,Occasional,3,1
25,VIP,2023-02-10,2023-09-08,7,17,3,Mixed,Rare,9,1
57,VIP,2022-02-24,2022-07-24,5,27,8,Mixed,Occasional,7,1
42,Premium,2024-12-24,2028-07-06,43,2,9,On-time,Regular,1,1
26,Premium,2023-06-12,2027-02-21,45,10,5,On-time,Regular,2,1
19,VIP,2022-02-08,2024-08-26,31,14,5,Mixed,Occasional,1,1
32,VIP,2022-02-10,2024-01-01,23,26,0,Late,Rare,9,1
20,VIP,2021-08-19,2025-01-30,42,29,9,On-time,Occasional,9,1
53,Premium,2025-05-29,2026-03-25,10,10,1,On-time,Regular,7,0
21,VIP,2022-02-04,2024-09-21,32,16,5,Late,Occasional,10,0
31,Premium,2021-11-24,2025-06-06,43,16,1,Mixed,Occasional,3,1
58,Basic,2022-05-05,2024-10-21,30,5,2,Late,Rare,5,1
58,VIP,2021-09-17,2024-11-30,39,4,3,On-time,Regular,4,0
42,Premium,2022-01-09,2024-07-27,31,7,4,Late,Rare,7,1
27,Premium,2023-09-28,2025-03-21,18,1,8,Mixed,Rare,9,1
38,Premium,2024-03-31,2027-03-16,36,15,3,On-time,Occasional,2,1
53,Basic,2022-11-17,2023-01-16,2,19,8,Late,Occasional,8,1
29,VIP,2022-09-13,2023-11-07,14,23,9,Mixed,Occasional,9,1
44,Premium,2021-10-30,2022-11-24,13,11,2,Mixed,Occasional,10,0
57,VIP,2023-07-10,2025-11-26,29,5,7,Mixed,Rare,10,1
19,Premium,2023-05-23,2024-05-17,12,0,0,Mixed,Rare,9,1
30,VIP,2022-11-20,2026-02-02,39,3,8,Mixed,Occasional,10,1
49,Basic,2024-07-22,2024-09-20,2,16,8,Mixed,Occasional,7,1
48,Premium,2022-11-16,2025-07-03,32,12,9,On-time,Regular,9,1
33,Premium,2023-09-16,2024-10-10,13,17,1,Mixed,Rare,9,1
49,Basic,2024-07-07,2028-04-17,46,4,3,Mixed,Rare,3,1
49,VIP,2022-09-17,2024-12-05,27,29,7,Mixed,Rare,4,1
51,Premium,2022-05-26,2025-10-07,41,23,6,Late,Occasional,2,1
28,Basic,2021-10-12,2023-03-06,17,23,0,On-time,Occasional,10,0
27,Premium,2023-09-08,2026-12-21,40,26,4,On-time,Occasional,3,1
32,Premium,2025-04-16,2027-11-02,31,2,6,Late,Regular,5,1
34,Premium,2023-08-17,2026-06-02,34,10,3,Mixed,Occasional,5,0
57,VIP,2021-11-13,2023-11-03,24,12,0,Late,Regular,6,0
35,Basic,2022-03-31,2025-12-10,45,3,8,Late,Occasional,7,1
26,Basic,2024-01-22,2026-12-07,35,25,4,Late,Rare,7,1
42,Basic,2023-07-14,2024-01-10,6,26,1,On-time,Regular,1,1
57,Basic,2023-02-27,2024-09-19,19,13,7,On-time,Occasional,2,1
31,Premium,2025-06-04,2027-11-21,30,21,1,On-time,Occasional,9,0
42,VIP,2023-07-06,2024-02-01,7,10,2,Mixed,Rare,10,1
39,Basic,2024-02-29,2024-12-25,10,26,9,Mixed,Occasional,2,1
47,VIP,2022-11-29,2026-04-12,41,9,0,Late,Rare,6,1
37,Basic,2022-05-03,2024-12-18,32,18,1,On-time,Occasional,1,1
38,Basic,2022-03-08,2024-12-22,34,17,6,On-time,Regular,3,1
61,Premium,2022-12-29,2025-04-17,28,5,9,Mixed,Regular,2,1
49,Premium,2024-04-10,2025-07-04,15,26,1,Mixed,Rare,3,1
63,Premium,2023-07-14,2025-12-30,30,28,5,On-time,Occasional,5,0
38,VIP,2023-06-24,2026-07-08,37,14,2,On-time,Rare,10,1
52,Premium,2023-01-02,2025-05-21,29,20,3,Mixed,Rare,6,1
49,Premium,2023-01-18,2024-11-08,22,29,7,Mixed,Occasional,9,1
47,Basic,2022-01-15,2022-05-15,4,9,2,On-time,Regular,10,0
56,Basic,2024-06-20,2026-02-10,20,4,9,Late,Regular,4,1
29,Premium,2023-02-13,2025-09-30,32,25,5,Late,Rare,7,1
58,Premium,2024-11-01,2027-10-17,36,28,0,Late,Rare,6,1
64,VIP,2023-08-06,2023-12-04,4,4,6,Late,Rare,2,1
35,VIP,2024-04-21,2026-07-10,27,9,7,On-time,Regular,10,1
38,Basic,2025-07-05,2026-11-27,17,27,7,Late,Regular,8,1
30,VIP,2023-04-13,2024-04-07,12,4,2,Late,Regular,7,0
38,Premium,2023-05-09,2025-02-27,22,2,9,Mixed,Rare,7,1
25,Premium,2022-01-26,2023-06-20,17,22,0,Late,Rare,8,1
63,Basic,2022-01-17,2022-11-13,10,5,8,Mixed,Regular,1,1
57,Premium,2023-02-19,2023-03-21,1,3,5,Mixed,Rare,1,1
63,Premium,2022-09-20,2024-07-11,22,17,8,On-time,Regular,8,1
24,Premium,2022-05-29,2024-07-17,26,27,6,On-time,Regular,4,1
40,Premium,2022-10-03,2024-03-26,18,8,0,On-time,Regular,5,0
61,VIP,2024-07-06,2025-08-30,14,16,0,On-time,Occasional,8,0
49,VIP,2022-07-22,2026-06-01,47,28,5,Mixed,Occasional,5,0
28,VIP,2025-02-19,2027-07-09,29,12,4,On-time,Rare,10,1
39,VIP,2024-12-03,2025-11-28,12,26,8,Mixed,Occasional,4,1
39,VIP,2022-01-29,2025-01-13,36,14,1,On-time,Regular,6,0
60,Basic,2025-01-19,2027-12-05,35,29,7,Late,Rare,5,1
42,Premium,2023-03-15,2024-03-09,12,19,4,Late,Regular,7,0
39,Basic,2021-12-17,2022-07-15,7,16,1,Mixed,Regular,10,0
45,Premium,2025-05-13,2027-09-30,29,12,9,Late,Rare,7,1
46,Premium,2022-02-20,2023-01-16,11,15,5,Late,Regular,4,0
30,Premium,2023-04-10,2025-12-25,33,21,9,Mixed,Occasional,5,1
35,Basic,2023-05-12,2023-11-08,6,3,7,Late,Rare,3,1
19,Premium,2023-08-26,2027-07-06,47,4,3,Late,Occasional,4,0
46,Premium,2025-04-01,2026-06-25,15,4,1,Late,Occasional,4,0
38,VIP,2022-06-18,2025-02-02,32,8,4,On-time,Rare,3,1
32,VIP,2024-02-20,2025-01-15,11,16,1,Mixed,Regular,10,0
44,Premium,2024-06-25,2026-05-16,23,12,1,On-time,Occasional,5,0
48,VIP,2024-06-05,2026-07-25,26,1,5,Late,Occasional,5,0
32,Basic,2023-04-14,2026-01-28,34,12,9,Late,Occasional,7,1
40,Premium,2024-02-13,2027-11-24,46,21,8,On-time,Rare,4,1
41,Basic,2024-03-26,2027-01-10,34,20,3,Late,Regular,4,0
61,VIP,2023-08-06,2025-12-23,29,26,5,Mixed,Regular,9,0
30,VIP,2023-06-05,2023-10-03,4,22,6,Mixed,Rare,6,1
39,Basic,2022-09-02,2024-01-25,17,18,5,Mixed,Rare,4,1
60,Premium,2022-10-22,2025-09-06,35,2,7,Late,Regular,2,1
54,VIP,2023-09-07,2024-10-01,13,9,3,Mixed,Rare,6,1
50,VIP,2023-08-01,2026-12-13,41,1,0,Mixed,Rare,2,1
20,VIP,2025-04-23,2028-07-06,39,12,6,Late,Rare,5,1
36,Basic,2022-05-03,2023-07-27,15,18,2,On-time,Regular,6,0
40,Basic,2022-07-02,2024-11-18,29,25,5,On-time,Regular,4,0
46,VIP,2022-07-09,2024-11-25,29,16,1,Late,Occasional,3,1
47,Premium,2024-04-14,2025-03-10,11,20,8,Mixed,Regular,7,1
56,Basic,2025-07-14,2028-02-29,32,13,0,On-time,Regular,2,1
61,Premium,2025-05-25,2025-07-24,2,11,5,On-time,Occasional,6,0
64,Basic,2023-08-30,2027-07-10,47,20,5,On-time,Occasional,4,0
42,Basic,2023-07-29,2024-09-21,14,11,4,Late,Regular,6,0
54,Premium,2024-04-22,2025-12-13,20,10,4,On-time,Rare,4,1
64,Premium,2023-02-15,2024-12-06,22,6,0,On-time,Occasional,4,0
25,Premium,2024-03-14,2025-02-07,11,3,9,Late,Regular,4,1
59,Basic,2025-06-11,2027-08-30,27,18,4,Late,Regular,9,0
33,Premium,2021-10-12,2022-01-10,3,0,1,Late,Occasional,7,1
25,Premium,2025-04-11,2026-09-03,17,27,6,On-time,Rare,3,1
18,Premium,2022-07-15,2026-02-24,44,23,2,On-time,Rare,3,1
61,Premium,2025-02-11,2027-06-01,28,28,3,Late,Regular,6,0
22,Premium,2024-11-07,2027-03-27,29,2,2,Mixed,Occasional,6,0
20,Premium,2023-09-10,2025-06-01,21,12,2,Late,Occasional,4,0
18,Premium,2024-05-03,2028-03-13,47,14,3,On-time,Occasional,9,0
21,Basic,2025-03-19,2026-07-12,16,1,4,On-time,Rare,4,1
57,Premium,2023-06-05,2026-06-19,37,10,0,Late,Rare,9,1
52,Basic,2021-11-23,2023-07-16,20,3,3,Mixed,Rare,4,1
49,VIP,2024-10-20,2025-04-18,6,18,7,Mixed,Occasional,2,1
59,VIP,2022-08-02,2024-02-23,19,28,9,On-time,Regular,2,1
51,Basic,2024-11-21,2025-04-20,5,16,6,Mixed,Rare,5,1
60,Premium,2024-06-21,2024-09-19,3,2,8,Mixed,Occasional,4,1
42,Basic,2022-10-29,2022-11-28,1,27,4,Mixed,Occasional,7,0
27,VIP,2023-06-13,2026-07-27,38,17,9,Late,Regular,5,1
38,Basic,2024-06-09,2025-09-02,15,7,3,On-time,Regular,6,0
63,VIP,2023-10-30,2026-08-15,34,21,7,Late,Occasional,10,1
56,Basic,2023-06-09,2026-04-24,35,24,8,Mixed,Regular,4,1
44,Basic,2021-11-26,2023-12-16,25,23,6,On-time,Rare,2,1
44,Basic,2023-01-08,2024-12-28,24,25,6,Late,Occasional,10,1
19,Basic,2022-03-02,2023-02-25,12,18,4,On-time,Rare,9,1
58,Basic,2022-02-08,2023-08-02,18,4,3,Late,Occasional,10,0
30,VIP,2023-03-15,2024-06-07,15,6,9,On-time,Rare,7,1
26,Basic,2023-12-15,2027-07-27,44,20,0,Late,Regular,4,0
53,Basic,2025-05-01,2026-08-24,16,7,9,Mixed,Regular,3,1
39,Basic,2024-05-06,2026-07-25,27,27,9,Late,Rare,10,1
59,Premium,2025-04-03,2025-11-29,8,4,6,Mixed,Occasional,3,1
43,VIP,2023-06-12,2027-03-23,46,16,0,Late,Occasional,9,0
29,Basic,2023-07-08,2025-07-27,25,4,0,Mixed,Rare,5,1
34,VIP,2023-05-01,2024-09-22,17,3,4,Mixed,Rare,3,1
31,Basic,2021-11-23,2024-04-11,29,21,8,Late,Regular,5,1
31,Premium,2025-04-08,2025-12-04,8,18,5,Late,Regular,2,1
51,VIP,2023-05-09,2024-08-01,15,26,2,On-time,Rare,4,1
37,Premium,2021-10-25,2024-01-13,27,20,2,Late,Rare,10,1
28,Premium,2023-03-09,2026-12-18,46,1,6,On-time,Occasional,2,1
33,Basic,2024-05-06,2024-12-02,7,10,5,Late,Occasional,2,1
48,VIP,2024-04-24,2024-07-23,3,21,8,On-time,Rare,8,1
23,VIP,2021-11-21,2024-04-09,29,12,5,Mixed,Occasional,1,1
36,VIP,2024-11-08,2028-06-20,44,14,4,Late,Regular,7,0
54,VIP,2025-01-30,2027-01-20,24,11,9,Mixed,Occasional,5,1
21,Basic,2022-11-04,2023-02-02,3,21,6,Late,Rare,8,1
64,Basic,2021-10-25,2023-06-17,20,20,0,On-time,Regular,1,1
21,Premium,2022-09-29,2026-07-10,46,21,6,Late,Regular,7,1
37,Basic,2024-01-20,2025-04-14,15,10,2,On-time,Regular,5,0
27,VIP,2023-06-17,2025-07-06,25,6,8,On-time,Occasional,4,1
41,Basic,2022-06-11,2024-11-27,30,27,5,Late,Occasional,7,0
52,Premium,2025-04-25,2026-06-19,14,4,8,Mixed,Regular,10,1
43,VIP,2025-03-04,2025-09-30,7,16,4,Late,Regular,2,1
54,VIP,2023-05-10,2024-10-01,17,23,6,Mixed,Occasional,1,1
55,Premium,2023-01-27,2026-09-08,44,19,3,On-time,Occasional,1,1
38,Premium,2025-02-27,2026-10-20,20,8,6,Late,Regular,1,1
57,VIP,2025-01-12,2027-12-28,36,13,0,Late,Occasional,5,0
56,Basic,2021-08-20,2022-05-17,9,25,6,Mixed,Occasional,10,1
38,Basic,2021-10-30,2024-12-13,38,11,7,Late,Occasional,7,1
27,VIP,2023-05-22,2025-03-12,22,5,4,On-time,Occasional,2,1
55,VIP,2022-11-04,2023-01-03,2,16,1,Late,Rare,10,1
63,VIP,2025-05-07,2027-04-27,24,18,4,On-time,Rare,8,1
21,Basic,2024-01-16,2024-09-12,8,18,5,On-time,Rare,4,1
62,Basic,2025-05-23,2026-04-18,11,25,1,Mixed,Regular,3,1
37,VIP,2024-12-22,2026-01-16,13,15,5,Mixed,Occasional,10,0
34,Premium,2025-03-11,2026-08-03,17,11,5,On-time,Rare,8,1
24,VIP,2025-06-02,2026-01-28,8,11,0,Mixed,Occasional,2,1
21,VIP,2025-03-26,2026-12-16,21,19,0,Mixed,Rare,3,1
46,Basic,2023-06-15,2024-12-06,18,5,9,On-time,Regular,3,1
31,VIP,2022-03-26,2024-09-11,30,22,2,Late,Regular,10,0
20,Basic,2023-03-20,2024-09-10,18,25,9,Late,Rare,1,1
41,Premium,2025-04-11,2029-01-20,46,3,9,Mixed,Regular,6,1
54,VIP,2021-09-16,2025-07-27,47,5,2,Mixed,Occasional,2,1
33,Premium,2023-01-27,2025-08-14,31,10,3,On-time,Occasional,1,1
21,VIP,2024-07-20,2027-09-03,38,0,1,On-time,Regular,2,1
41,Premium,2023-01-27,2025-09-13,32,29,8,On-time,Occasional,6,1
51,Basic,2024-10-07,2025-09-02,11,23,9,On-time,Rare,4,1
47,VIP,2022-03-14,2025-11-23,45,22,6,Late,Rare,6,1
35,VIP,2022-03-14,2024-04-02,25,14,6,On-time,Rare,9,1
36,Premium,2023-09-17,2026-06-03,33,26,5,On-time,Occasional,10,0
48,Basic,2025-04-13,2028-05-27,38,10,2,Mixed,Rare,10,1
36,Premium,2023-09-12,2027-01-24,41,24,5,On-time,Regular,8,0
63,Premium,2025-05-15,2026-01-10,8,18,7,Mixed,Rare,1,1
36,Basic,2023-10-20,2024-09-14,11,17,7,On-time,Occasional,8,1
39,Premium,2022-08-05,2024-05-26,22,16,8,On-time,Occasional,9,1
41,Premium,2021-08-18,2023-08-08,24,18,0,Mixed,Rare,6,1
62,VIP,2022-09-20,2026-02-01,41,20,0,Late,Regular,10,0
29,Premium,2023-11-19,2025-04-12,17,13,2,Late,Regular,5,0
47,VIP,2023-09-02,2024-08-27,12,26,2,Mixed,Regular,6,0
55,Basic,2024-01-28,2027-11-08,46,17,9,Mixed,Occasional,6,1
48,Premium,2021-08-16,2024-04-02,32,27,7,Late,Regular,9,1
53,Basic,2023-03-30,2024-06-22,15,18,9,Mixed,Occasional,4,1
36,VIP,2023-10-09,2025-01-31,16,14,0,Mixed,Rare,2,1
62,VIP,2024-11-24,2026-09-15,22,14,1,Mixed,Rare,9,1
53,VIP,2024-02-07,2026-05-27,28,3,1,Mixed,Occasional,2,1
47,Premium,2024-08-03,2026-03-26,20,6,2,Mixed,Occasional,10,0
50,VIP,2022-08-10,2025-04-26,33,12,5,Late,Rare,9,1
35,VIP,2024-01-16,2024-11-11,10,2,0,Mixed,Rare,2,1
45,Premium,2022-07-09,2025-10-21,40,15,1,Late,Occasional,8,0
64,Premium,2022-07-14,2025-02-28,32,8,0,On-time,Rare,9,1
28,Premium,2023-05-13,2026-01-27,33,7,4,Late,Rare,10,1
62,VIP,2024-11-08,2025-01-07,2,19,6,On-time,Regular,9,1
50,VIP,2025-05-29,2028-02-13,33,12,7,Late,Regular,10,1
34,Premium,2022-05-27,2025-02-10,33,16,9,Late,Rare,9,1
23,Premium,2024-12-13,2028-04-26,41,16,0,Mixed,Rare,2,1
21,Basic,2024-11-18,2025-12-13,13,16,6,Late,Regular,4,1
37,Basic,2022-07-31,2025-01-16,30,0,4,Late,Rare,7,1
64,Premium,2024-07-30,2027-04-16,33,7,9,Mixed,Occasional,2,1
44,Premium,2025-03-30,2026-04-24,13,18,0,On-time,Rare,1,1
32,Basic,2023-04-06,2025-05-25,26,5,2,Late,Rare,3,1
23,Premium,2025-05-28,2027-03-19,22,2,6,Mixed,Occasional,4,1
64,VIP,2024-08-12,2027-10-26,39,26,9,On-time,Regular,8,1
31,VIP,2022-08-30,2022-10-29,2,4,0,Late,Rare,6,1
28,VIP,2023-05-03,2026-06-16,38,12,6,Late,Regular,2,1
56,Premium,2022-01-11,2025-03-26,39,14,4,Late,Regular,9,0
26,Premium,2025-07-07,2027-08-26,26,13,0,On-time,Rare,2,1
43,Basic,2023-10-29,2027-08-09,46,28,0,On-time,Rare,5,1
33,Premium,2022-01-15,2023-04-10,15,22,0,Late,Regular,4,0
22,Premium,2023-07-27,2026-05-12,34,15,8,Late,Rare,7,1
27,Basic,2024-09-15,2028-02-27,42,17,2,On-time,Rare,8,1
20,Premium,2023-10-15,2027-05-27,44,21,4,Mixed,Regular,5,0
30,Basic,2025-05-20,2028-09-01,40,28,9,On-time,Regular,10,1
60,Premium,2023-07-20,2024-06-14,11,21,8,Mixed,Occasional,5,1
47,Premium,2024-02-05,2024-05-05,3,10,5,Mixed,Rare,2,1
62,Premium,2024-03-28,2024-09-24,6,2,8,Mixed,Occasional,8,1
23,Premium,2025-06-17,2026-03-14,9,21,7,Late,Regular,2,1
34,VIP,2025-04-28,2025-10-25,6,9,7,Late,Rare,10,1
62,VIP,2022-02-21,2022-11-18,9,9,0,Mixed,Regular,6,0
36,Premium,2021-09-04,2024-11-17,39,29,8,Mixed,Rare,8,1
59,VIP,2024-07-15,2027-01-31,31,20,5,Mixed,Rare,6,1
52,Basic,2023-09-18,2026-05-05,32,15,8,On-time,Occasional,4,1
63,VIP,2024-02-05,2027-06-19,41,11,2,Late,Regular,4,0
43,Basic,2023-08-16,2024-08-10,12,1,2,Mixed,Rare,6,1
22,Basic,2021-11-17,2022-07-15,8,8,5,Mixed,Occasional,4,0
46,Basic,2023-02-13,2023-10-11,8,23,8,On-time,Regular,8,1
54,VIP,2022-09-18,2025-01-05,28,2,6,Late,Occasional,9,1
37,Premium,2022-09-22,2024-05-14,20,23,2,Mixed,Regular,1,1
38,Premium,2023-01-08,2026-11-18,47,29,2,Late,Rare,4,1
27,VIP,2023-06-26,2024-01-22,7,24,1,Mixed,Occasional,4,0
22,Basic,2024-07-17,2025-06-12,11,29,8,On-time,Occasional,2,1
53,VIP,2021-12-25,2023-08-17,20,14,2,On-time,Rare,6,1
23,Premium,2023-05-01,2024-08-23,16,2,4,Late,Regular,3,1
43,VIP,2023-07-07,2023-11-04,4,18,8,On-time,Rare,7,1
21,VIP,2022-09-10,2023-03-09,6,17,7,Late,Occasional,5,1
56,Premium,2022-03-17,2024-01-06,22,7,1,Mixed,Rare,4,1
56,Premium,2024-03-17,2026-05-06,26,25,2,On-time,Occasional,5,0
52,Basic,2025-06-17,2025-09-15,3,16,1,Mixed,Rare,8,1
18,Basic,2023-08-01,2026-12-13,41,7,7,Mixed,Regular,3,1
41,Premium,2022-08-17,2026-01-28,42,6,5,On-time,Occasional,7,0
53,Basic,2021-12-26,2023-02-19,14,29,5,On-time,Occasional,6,0
23,Premium,2022-02-06,2023-01-02,11,6,8,On-time,Regular,1,1
58,VIP,2025-04-20,2026-10-12,18,2,7,Mixed,Rare,7,1
63,Basic,2025-03-11,2026-03-06,12,0,3,Late,Regular,7,0
61,Premium,2023-04-25,2025-03-15,23,3,3,Late,Rare,1,1
48,VIP,2024-01-25,2025-01-19,12,24,8,Mixed,Regular,9,1
37,VIP,2025-02-20,2026-03-17,13,4,0,Mixed,Regular,6,0
41,Premium,2022-02-25,2024-03-16,25,0,1,Mixed,Occasional,2,1
42,Premium,2025-06-20,2029-03-01,45,14,1,On-time,Occasional,5,0
53,VIP,2021-08-27,2023-03-20,19,4,5,Late,Rare,4,1
38,VIP,2025-05-09,2029-02-17,46,12,3,Late,Regular,7,0
47,Premium,2024-11-24,2027-11-09,36,7,9,Late,Rare,8,1
41,Premium,2025-03-28,2028-12-07,45,7,2,Late,Regular,1,1
61,VIP,2022-05-02,2022-12-28,8,4,2,Late,Regular,5,0
59,VIP,2025-03-26,2027-08-13,29,27,2,Late,Occasional,3,1
47,Premium,2024-11-29,2027-07-17,32,8,5,Mixed,Regular,1,1
39,Premium,2025-03-26,2028-11-05,44,0,7,Mixed,Occasional,3,1
45,VIP,2025-06-11,2026-12-03,18,3,6,On-time,Occasional,6,1
24,Premium,2023-10-31,2024-04-28,6,2,3,Mixed,Regular,7,0
52,Premium,2021-09-21,2023-03-15,18,1,3,Mixed,Regular,8,0
45,Premium,2023-06-28,2025-01-18,19,7,9,Late,Rare,4,1
31,Premium,2023-11-28,2025-09-18,22,22,1,On-time,Rare,3,1
27,Basic,2024-05-16,2027-05-31,37,8,0,Late,Rare,5,1
33,Basic,2023-11-10,2026-06-27,32,1,8,On-time,Occasional,9,1
33,VIP,2023-08-23,2027-01-04,41,13,1,Mixed,Occasional,6,0
48,Basic,2021-12-17,2022-03-17,3,13,7,Mixed,Occasional,9,1
59,Premium,2021-11-09,2024-02-27,28,3,8,Late,Occasional,6,1
42,Basic,2024-09-03,2025-06-30,10,29,3,Late,Occasional,2,1
30,VIP,2023-02-19,2026-01-04,35,5,7,Late,Occasional,5,1
23,VIP,2021-09-13,2024-01-31,29,10,8,Mixed,Regular,9,1
61,VIP,2021-12-10,2023-03-05,15,2,9,Mixed,Rare,8,1
26,Basic,2023-09-22,2026-06-08,33,7,9,Mixed,Rare,7,1
62,Basic,2024-10-11,2025-05-09,7,2,4,On-time,Rare,1,1
53,Basic,2023-10-30,2024-10-24,12,13,6,Late,Regular,4,1
60,VIP,2024-02-15,2026-08-03,30,27,9,On-time,Rare,7,1
37,Premium,2021-10-10,2023-07-02,21,12,3,Mixed,Occasional,7,0
35,Premium,2023-03-25,2025-10-10,31,12,0,Mixed,Regular,6,0
60,VIP,2024-07-30,2026-07-20,24,1,2,On-time,Regular,8,0
38,VIP,2023-04-14,2024-12-04,20,12,4,Late,Rare,6,1
21,VIP,2022-05-11,2025-05-25,37,28,2,Late,Occasional,10,0
50,VIP,2023-06-17,2023-10-15,4,18,6,Mixed,Rare,3,1
44,Premium,2023-01-28,2025-05-17,28,26,8,Mixed,Regular,4,1
24,Basic,2024-11-14,2028-06-26,44,5,5,Mixed,Rare,3,1
23,Basic,2024-01-19,2025-09-10,20,15,9,Late,Regular,1,1
32,Premium,2022-08-16,2024-08-05,24,1,0,On-time,Regular,10,0
35,Basic,2024-11-28,2027-07-16,32,7,6,Mixed,Regular,5,1
49,Premium,2024-01-14,2027-05-28,41,16,2,Mixed,Occasional,1,1
28,Basic,2023-01-07,2025-12-22,36,22,4,On-time,Occasional,1,1
37,Premium,2022-02-14,2024-11-30,34,1,9,Late,Rare,2,1
41,Basic,2025-07-09,2028-06-23,36,9,3,Mixed,Rare,4,1
32,VIP,2021-11-07,2022-01-06,2,27,9,Late,Rare,6,1
24,VIP,2024-04-03,2025-06-27,15,15,4,Mixed,Occasional,8,0
38,Basic,2025-05-01,2028-02-15,34,5,4,Late,Rare,3,1
59,Premium,2025-07-11,2028-06-25,36,27,5,On-time,Occasional,1,1
43,Basic,2023-10-08,2024-04-05,6,1,9,Mixed,Regular,3,1
61,Basic,2025-03-19,2028-06-01,39,1,9,Mixed,Regular,3,1
31,VIP,2023-02-15,2026-07-29,42,25,5,Mixed,Occasional,5,0
54,Premium,2024-02-27,2025-02-21,12,12,7,Mixed,Occasional,4,1
38,VIP,2022-12-11,2023-03-11,3,23,7,Mixed,Regular,4,1
35,Basic,2023-12-19,2027-08-30,45,14,8,On-time,Occasional,9,1
22,VIP,2025-01-02,2026-06-26,18,27,7,Mixed,Regular,7,1
20,Premium,2023-03-21,2026-07-03,40,1,1,Mixed,Rare,4,1
40,Basic,2023-07-31,2025-04-21,21,6,9,Late,Regular,3,1
43,Basic,2021-08-29,2022-11-22,15,2,0,Mixed,Regular,6,0
54,VIP,2022-08-30,2025-05-16,33,7,9,Late,Rare,3,1
41,Premium,2025-01-23,2027-12-09,35,22,1,On-time,Occasional,6,0
36,Premium,2021-11-29,2024-01-18,26,13,1,Late,Rare,9,1
42,Premium,2024-08-23,2025-04-20,8,23,2,Late,Regular,6,0
38,Premium,2022-05-30,2025-05-14,36,29,9,On-time,Regular,4,1
29,Premium,2023-04-01,2025-09-17,30,22,6,On-time,Regular,5,1
58,Basic,2023-07-22,2025-06-11,23,26,1,Late,Regular,6,0
50,Basic,2024-12-02,2028-05-15,42,21,0,Late,Regular,3,1
21,Premium,2024-01-30,2027-09-11,44,28,5,On-time,Rare,8,1
59,Premium,2025-03-24,2026-05-18,14,6,8,On-time,Regular,4,1
24,Basic,2025-02-25,2026-04-21,14,20,2,On-time,Occasional,8,0
39,Basic,2024-01-03,2024-03-03,2,6,5,On-time,Rare,10,1
50,Premium,2025-07-14,2028-07-28,37,0,2,On-time,Rare,10,1
34,Premium,2025-04-16,2025-09-13,5,16,0,Late,Rare,3,1
41,Basic,2023-09-30,2026-11-13,38,8,4,On-time,Regular,10,0
51,VIP,2024-08-29,2028-05-10,45,29,9,Mixed,Regular,7,1
45,VIP,2025-02-26,2028-07-10,41,20,3,Mixed,Rare,9,1
60,VIP,2023-03-23,2027-01-31,47,12,6,Mixed,Regular,4,1
58,Basic,2024-10-29,2025-12-23,14,20,5,Mixed,Occasional,8,0
56,Basic,2023-01-25,2026-04-09,39,18,9,On-time,Occasional,3,1
39,Basic,2023-08-25,2025-09-13,25,20,6,Mixed,Regular,7,1
34,VIP,2025-07-05,2027-02-25,20,18,4,Late,Rare,3,1
51,Premium,2024-10-27,2024-12-26,2,24,3,Mixed,Regular,7,0
23,Basic,2025-01-24,2028-04-08,39,24,6,On-time,Regular,10,1
63,Basic,2023-01-29,2023-07-28,6,21,6,Mixed,Regular,10,1
23,Basic,2025-07-02,2026-11-24,17,16,5,Late,Rare,6,1
